{"device_name": "gfx906+sram-ecc", "kernel_name": "convolution_kernel", "tune_params_keys": ["filter_width", "filter_height", "block_size_x", "block_size_y", "tile_size_x", "tile_size_y", "use_padding"], "tune_params": {"filter_width": [15], "filter_height": [15], "block_size_x": [16, 32, 48, 64, 80, 96, 112, 128], "block_size_y": [1, 2, 4, 8, 16, 32], "tile_size_x": [1, 2, 4], "tile_size_y": [1, 2, 4], "use_padding": [0, 1]}, "cache": {"15,15,16,1,1,1,0": {"time": 13.656302}, "15,15,16,1,1,1,1": {"time": 16.927298999999998}, "15,15,16,1,1,2,0": {"time": 8.797804}, "15,15,16,1,1,2,1": {"time": 9.583234}, "15,15,16,1,1,4,0": {"time": 9.90419}, "15,15,16,1,1,4,1": {"time": 10.003067999999999}, "15,15,16,1,2,1,0": {"time": 12.425276}, "15,15,16,1,2,1,1": {"time": 12.442395999999999}, "15,15,16,1,2,2,0": {"time": 8.075733999999999}, "15,15,16,1,2,2,1": {"time": 8.048214}, "15,15,16,1,2,4,0": {"time": 13.520942}, "15,15,16,1,2,4,1": {"time": 13.435182999999999}, "15,15,16,1,4,1,0": {"time": 13.642059999999999}, "15,15,16,1,4,1,1": {"time": 13.742538999999999}, "15,15,16,1,4,2,0": {"time": 10.441942}, "15,15,16,1,4,2,1": {"time": 10.431863}, "15,15,16,1,4,4,0": {"time": 16.050349}, "15,15,16,1,4,4,1": {"time": 17.014495999999998}, "15,15,16,2,1,1,0": {"time": 6.563753999999999}, "15,15,16,2,1,1,1": {"time": 7.8984559999999995}, "15,15,16,2,1,2,0": {"time": 4.846976}, "15,15,16,2,1,2,1": {"time": 4.868735}, "15,15,16,2,1,4,0": {"time": 5.025854}, "15,15,16,2,1,4,1": {"time": 4.893535}, "15,15,16,2,2,1,0": {"time": 5.634486}, "15,15,16,2,2,1,1": {"time": 5.524247}, "15,15,16,2,2,2,0": {"time": 5.172732}, "15,15,16,2,2,2,1": {"time": 5.131292}, "15,15,16,2,2,4,0": {"time": 6.06152}, "15,15,16,2,2,4,1": {"time": 6.0516}, "15,15,16,2,4,1,0": {"time": 5.800724}, "15,15,16,2,4,1,1": {"time": 5.736403999999999}, "15,15,16,2,4,2,0": {"time": 7.3317429999999995}, "15,15,16,2,4,2,1": {"time": 7.298464}, "15,15,16,2,4,4,0": {"time": 22.78658}, "15,15,16,2,4,4,1": {"time": 22.659221}, "15,15,16,4,1,1,0": {"time": 3.623472}, "15,15,16,4,1,1,1": {"time": 4.267944}, "15,15,16,4,1,2,0": {"time": 2.8138829999999997}, "15,15,16,4,1,2,1": {"time": 3.675632}, "15,15,16,4,1,4,0": {"time": 4.014667}, "15,15,16,4,1,4,1": {"time": 4.174185}, "15,15,16,4,2,1,0": {"time": 3.242997}, "15,15,16,4,2,1,1": {"time": 3.0086}, "15,15,16,4,2,2,0": {"time": 4.377382}, "15,15,16,4,2,2,1": {"time": 4.270344}, "15,15,16,4,2,4,0": {"time": 17.643926999999998}, "15,15,16,4,2,4,1": {"time": 17.823124999999997}, "15,15,16,4,4,1,0": {"time": 3.126039}, "15,15,16,4,4,1,1": {"time": 3.05468}, "15,15,16,4,4,2,0": {"time": 6.156879}, "15,15,16,4,4,2,1": {"time": 5.943282}, "15,15,16,4,4,4,0": {"time": 4.8493759999999995}, "15,15,16,4,4,4,1": {"time": 4.753216999999999}, "15,15,16,8,1,1,0": {"time": 3.118999}, "15,15,16,8,1,1,1": {"time": 3.243957}, "15,15,16,8,1,2,0": {"time": 7.408221999999999}, "15,15,16,8,1,2,1": {"time": 5.634005999999999}, "15,15,16,8,1,4,0": {"time": 13.744458999999999}, "15,15,16,8,1,4,1": {"time": 13.367664}, "15,15,16,8,2,1,0": {"time": 2.785563}, "15,15,16,8,2,1,1": {"time": 2.076133}, "15,15,16,8,2,2,0": {"time": 4.400742}, "15,15,16,8,2,2,1": {"time": 4.196105}, "15,15,16,8,2,4,0": {"time": 25.373745}, "15,15,16,8,2,4,1": {"time": 25.218546999999997}, "15,15,16,8,4,1,0": {"time": 2.773564}, "15,15,16,8,4,1,1": {"time": 1.856776}, "15,15,16,8,4,2,0": {"time": 14.560288}, "15,15,16,8,4,2,1": {"time": 14.707645999999999}, "15,15,16,8,4,4,0": {"time": 3.522834}, "15,15,16,8,4,4,1": {"time": 3.291317}, "15,15,16,16,1,1,0": {"time": 3.01468}, "15,15,16,16,1,1,1": {"time": 2.983641}, "15,15,16,16,1,2,0": {"time": 2.775163}, "15,15,16,16,1,2,1": {"time": 2.0620529999999997}, "15,15,16,16,1,4,0": {"time": 2.765084}, "15,15,16,16,1,4,1": {"time": 1.921095}, "15,15,16,16,2,1,0": {"time": 2.7671639999999997}, "15,15,16,16,2,1,1": {"time": 1.760937}, "15,15,16,16,2,2,0": {"time": 2.756284}, "15,15,16,16,2,2,1": {"time": 1.4729409999999998}, "15,15,16,16,2,4,0": {"time": 2.750364}, "15,15,16,16,2,4,1": {"time": 1.638698}, "15,15,16,16,4,1,0": {"time": 2.760284}, "15,15,16,16,4,1,1": {"time": 1.5219}, "15,15,16,16,4,2,0": {"time": 2.752124}, "15,15,16,16,4,2,1": {"time": 1.621419}, "15,15,16,16,4,4,0": {"time": 3.501074}, "15,15,16,16,4,4,1": {"time": 3.175318}, "15,15,32,1,1,1,0": {"time": 9.416996}, "15,15,32,1,1,1,1": {"time": 9.349955999999999}, "15,15,32,1,1,2,0": {"time": 5.169531999999999}, "15,15,32,1,1,2,1": {"time": 5.170172}, "15,15,32,1,1,4,0": {"time": 5.3288899999999995}, "15,15,32,1,1,4,1": {"time": 5.32873}, "15,15,32,1,2,1,0": {"time": 10.176026}, "15,15,32,1,2,1,1": {"time": 10.096987}, "15,15,32,1,2,2,0": {"time": 5.426168}, "15,15,32,1,2,2,1": {"time": 5.425368}, "15,15,32,1,2,4,0": {"time": 7.733657999999999}, "15,15,32,1,2,4,1": {"time": 7.714137999999999}, "15,15,32,1,4,1,0": {"time": 11.137452999999999}, "15,15,32,1,4,1,1": {"time": 11.161132}, "15,15,32,1,4,2,0": {"time": 6.861669}, "15,15,32,1,4,2,1": {"time": 6.856869}, "15,15,32,1,4,4,0": {"time": 9.456835}, "15,15,32,1,4,4,1": {"time": 9.491555}, "15,15,32,2,1,1,0": {"time": 4.144265}, "15,15,32,2,1,1,1": {"time": 4.144585}, "15,15,32,2,1,2,0": {"time": 2.5510059999999997}, "15,15,32,2,1,2,1": {"time": 2.550526}, "15,15,32,2,1,4,0": {"time": 2.5710059999999997}, "15,15,32,2,1,4,1": {"time": 2.570846}, "15,15,32,2,2,1,0": {"time": 4.365062}, "15,15,32,2,2,1,1": {"time": 4.365862}, "15,15,32,2,2,2,0": {"time": 2.9210819999999997}, "15,15,32,2,2,2,1": {"time": 2.919641}, "15,15,32,2,2,4,0": {"time": 3.2365969999999997}, "15,15,32,2,2,4,1": {"time": 3.234677}, "15,15,32,2,4,1,0": {"time": 4.6269789999999995}, "15,15,32,2,4,1,1": {"time": 4.625539}, "15,15,32,2,4,2,0": {"time": 4.201705}, "15,15,32,2,4,2,1": {"time": 4.199625}, "15,15,32,2,4,4,0": {"time": 15.294037999999999}, "15,15,32,2,4,4,1": {"time": 15.330677}, "15,15,32,4,1,1,0": {"time": 3.2196369999999996}, "15,15,32,4,1,1,1": {"time": 3.220757}, "15,15,32,4,1,2,0": {"time": 3.631472}, "15,15,32,4,1,2,1": {"time": 3.6258719999999998}, "15,15,32,4,1,4,0": {"time": 4.014187}, "15,15,32,4,1,4,1": {"time": 4.015947}, "15,15,32,4,2,1,0": {"time": 2.609085}, "15,15,32,4,2,1,1": {"time": 2.6097259999999998}, "15,15,32,4,2,2,0": {"time": 4.304743}, "15,15,32,4,2,2,1": {"time": 4.315143}, "15,15,32,4,2,4,0": {"time": 18.263278}, "15,15,32,4,2,4,1": {"time": 18.231599}, "15,15,32,4,4,1,0": {"time": 2.641245}, "15,15,32,4,4,1,1": {"time": 2.6409249999999997}, "15,15,32,4,4,2,0": {"time": 5.948721}, "15,15,32,4,4,2,1": {"time": 5.928241}, "15,15,32,4,4,4,0": {"time": 4.775297}, "15,15,32,4,4,4,1": {"time": 4.780577}, "15,15,32,8,1,1,0": {"time": 3.02092}, "15,15,32,8,1,1,1": {"time": 3.0214}, "15,15,32,8,1,2,0": {"time": 5.351769}, "15,15,32,8,1,2,1": {"time": 5.350969}, "15,15,32,8,1,4,0": {"time": 13.161425999999999}, "15,15,32,8,1,4,1": {"time": 13.174225}, "15,15,32,8,2,1,0": {"time": 1.846695}, "15,15,32,8,2,1,1": {"time": 1.8457359999999998}, "15,15,32,8,2,2,0": {"time": 4.047626999999999}, "15,15,32,8,2,2,1": {"time": 4.049866}, "15,15,32,8,2,4,0": {"time": 24.757752}, "15,15,32,8,2,4,1": {"time": 24.775032}, "15,15,32,8,4,1,0": {"time": 1.692297}, "15,15,32,8,4,1,1": {"time": 1.692458}, "15,15,32,8,4,2,0": {"time": 14.483168}, "15,15,32,8,4,2,1": {"time": 14.518206999999999}, "15,15,32,8,4,4,0": {"time": 3.286996}, "15,15,32,8,4,4,1": {"time": 3.285716}, "15,15,48,1,1,1,0": {"time": 8.470927999999999}, "15,15,48,1,1,1,1": {"time": 10.261624}, "15,15,48,1,1,2,0": {"time": 116.89781199999999}, "15,15,48,1,1,2,1": {"time": 116.042784}, "15,15,48,1,1,4,0": {"time": 107.078102}, "15,15,48,1,1,4,1": {"time": 104.99573}, "15,15,48,1,2,1,0": {"time": 83.24945799999999}, "15,15,48,1,2,1,1": {"time": 83.292977}, "15,15,48,1,2,2,0": {"time": 124.318995}, "15,15,48,1,2,2,1": {"time": 124.394993}, "15,15,48,1,2,4,0": {"time": 116.58773699999999}, "15,15,48,1,2,4,1": {"time": 116.628537}, "15,15,48,1,4,1,0": {"time": 110.00286399999999},