{"device_name": "gfx906+sram-ecc", "kernel_name": "convolution_kernel", "tune_params_keys": ["filter_width", "filter_height", "block_size_x", "block_size_y", "tile_size_x", "tile_size_y", "use_padding"], "tune_params": {"filter_width": [15], "filter_height": [15], "block_size_x": [16, 32, 48, 64, 80, 96, 112, 128], "block_size_y": [1, 2, 4, 8, 16, 32], "tile_size_x": [1, 2, 4], "tile_size_y": [1, 2, 4], "use_padding": [0, 1]}, "cache": {"15,15,16,1,1,1,0": {"time": 12.703994999999999}, "15,15,16,1,1,1,1": {"time": 15.995951}, "15,15,16,1,1,2,0": {"time": 7.839576999999999}, "15,15,16,1,1,2,1": {"time": 8.653006}, "15,15,16,1,1,4,0": {"time": 8.935243}, "15,15,16,1,1,4,1": {"time": 9.004042}, "15,15,16,1,2,1,0": {"time": 11.520328}, "15,15,16,1,2,1,1": {"time": 11.518728}, "15,15,16,1,2,2,0": {"time": 7.157026}, "15,15,16,1,2,2,1": {"time": 7.162306}, "15,15,16,1,2,4,0": {"time": 12.582234}, "15,15,16,1,2,4,1": {"time": 12.477756}, "15,15,16,1,4,1,0": {"time": 12.567193999999999}, "15,15,16,1,4,1,1": {"time": 12.645114}, "15,15,16,1,4,2,0": {"time": 9.476835}, "15,15,16,1,4,2,1": {"time": 9.463714999999999}, "15,15,16,1,4,4,0": {"time": 14.998362}, "15,15,16,1,4,4,1": {"time": 16.064747999999998}, "15,15,16,2,1,1,0": {"time": 5.752403999999999}, "15,15,16,2,1,1,1": {"time": 6.918628999999999}, "15,15,16,2,1,2,0": {"time": 4.280264}, "15,15,16,2,1,2,1": {"time": 4.298023}, "15,15,16,2,1,4,0": {"time": 4.442822}, "15,15,16,2,1,4,1": {"time": 4.334503}, "15,15,16,2,2,1,0": {"time": 4.960895}, "15,15,16,2,2,1,1": {"time": 4.8663359999999996}, "15,15,16,2,2,2,0": {"time": 4.56586}, "15,15,16,2,2,2,1": {"time": 4.52618}, "15,15,16,2,2,4,0": {"time": 5.35977}, "15,15,16,2,2,4,1": {"time": 5.374009}, "15,15,16,2,4,1,0": {"time": 5.055133}, "15,15,16,2,4,1,1": {"time": 5.016894}, "15,15,16,2,4,2,0": {"time": 6.431915}, "15,15,16,2,4,2,1": {"time": 6.411756}, "15,15,16,2,4,4,0": {"time": 21.961311}, "15,15,16,2,4,4,1": {"time": 21.831072}, "15,15,16,4,1,1,0": {"time": 3.194998}, "15,15,16,4,1,1,1": {"time": 3.76539}, "15,15,16,4,1,2,0": {"time": 2.486367}, "15,15,16,4,1,2,1": {"time": 3.242197}, "15,15,16,4,1,4,0": {"time": 3.597393}, "15,15,16,4,1,4,1": {"time": 3.712751}, "15,15,16,4,2,1,0": {"time": 2.867642}, "15,15,16,4,2,1,1": {"time": 2.6706849999999998}, "15,15,16,4,2,2,0": {"time": 3.8005899999999997}, "15,15,16,4,2,2,1": {"time": 3.708271}, "15,15,16,4,2,4,0": {"time": 16.968096}, "15,15,16,4,2,4,1": {"time": 17.210973}, "15,15,16,4,4,1,0": {"time": 2.733724}, "15,15,16,4,4,1,1": {"time": 2.673085}, "15,15,16,4,4,2,0": {"time": 5.410489}, "15,15,16,4,4,2,1": {"time": 5.219450999999999}, "15,15,16,4,4,4,0": {"time": 4.271144}, "15,15,16,4,4,4,1": {"time": 4.1892249999999995}, "15,15,16,8,1,1,0": {"time": 2.7346839999999997}, "15,15,16,8,1,1,1": {"time": 2.8454029999999997}, "15,15,16,8,1,2,0": {"time": 6.436395}, "15,15,16,8,1,2,1": {"time": 4.8768959999999995}, "15,15,16,8,1,4,0": {"time": 12.938868999999999}, "15,15,16,8,1,4,1": {"time": 12.644473}, "15,15,16,8,2,1,0": {"time": 2.400928}, "15,15,16,8,2,1,1": {"time": 1.883975}, "15,15,16,8,2,2,0": {"time": 3.8298699999999997}, "15,15,16,8,2,2,1": {"time": 3.665552}, "15,15,16,8,2,4,0": {"time": 24.929591}, "15,15,16,8,2,4,1": {"time": 24.745434}, "15,15,16,8,4,1,0": {"time": 2.386529}, "15,15,16,8,4,1,1": {"time": 1.7537369999999999}, "15,15,16,8,4,2,0": {"time": 13.791338}, "15,15,16,8,4,2,1": {"time": 14.046215}, "15,15,16,8,4,4,0": {"time": 3.0562799999999997}, "15,15,16,8,4,4,1": {"time": 2.861722}, "15,15,16,16,1,1,0": {"time": 2.6334049999999998}, "15,15,16,16,1,1,1": {"time": 2.609566}, "15,15,16,16,1,2,0": {"time": 2.390209}, "15,15,16,16,1,2,1": {"time": 1.9282949999999999}, "15,15,16,16,1,4,0": {"time": 2.379969}, "15,15,16,16,1,4,1": {"time": 1.835496}, "15,15,16,16,2,1,0": {"time": 2.3823689999999997}, "15,15,16,16,2,1,1": {"time": 1.7572569999999998}, "15,15,16,16,2,2,0": {"time": 2.3748489999999998}, "15,15,16,16,2,2,1": {"time": 1.4649409999999998}, "15,15,16,16,2,4,0": {"time": 2.369569}, "15,15,16,16,2,4,1": {"time": 1.640458}, "15,15,16,16,4,1,0": {"time": 2.3761289999999997}, "15,15,16,16,4,1,1": {"time": 1.5188599999999999}, "15,15,16,16,4,2,0": {"time": 2.3698889999999997}, "15,15,16,16,4,2,1": {"time": 1.6135789999999999}, "15,15,16,16,4,4,0": {"time": 3.03164}, "15,15,16,16,4,4,1": {"time": 2.759964}, "15,15,32,1,1,1,0": {"time": 8.386929}, "15,15,32,1,1,1,1": {"time": 8.418929}, "15,15,32,1,1,2,0": {"time": 4.5932189999999995}, "15,15,32,1,1,2,1": {"time": 4.594659}, "15,15,32,1,1,4,0": {"time": 4.714017999999999}, "15,15,32,1,1,4,1": {"time": 4.721698}, "15,15,32,1,2,1,0": {"time": 9.171878999999999}, "15,15,32,1,2,1,1": {"time": 9.172679}, "15,15,32,1,2,2,0": {"time": 4.837536}, "15,15,32,1,2,2,1": {"time": 4.835935999999999}, "15,15,32,1,2,4,0": {"time": 6.84919}, "15,15,32,1,2,4,1": {"time": 6.84711}, "15,15,32,1,4,1,0": {"time": 10.164346}, "15,15,32,1,4,1,1": {"time": 10.164985999999999}, "15,15,32,1,4,2,0": {"time": 6.019441}, "15,15,32,1,4,2,1": {"time": 6.020881}, "15,15,32,1,4,4,0": {"time": 8.490768}, "15,15,32,1,4,4,1": {"time": 8.491568}, "15,15,32,2,1,1,0": {"time": 3.6431519999999997}, "15,15,32,2,1,1,1": {"time": 3.644752}, "15,15,32,2,1,2,0": {"time": 2.25709}, "15,15,32,2,1,2,1": {"time": 2.25501}, "15,15,32,2,1,4,0": {"time": 2.27949}, "15,15,32,2,1,4,1": {"time": 2.28205}, "15,15,32,2,2,1,0": {"time": 3.844429}, "15,15,32,2,2,1,1": {"time": 3.8437889999999997}, "15,15,32,2,2,2,0": {"time": 2.591646}, "15,15,32,2,2,2,1": {"time": 2.594046}, "15,15,32,2,2,4,0": {"time": 2.883482}, "15,15,32,2,2,4,1": {"time": 2.8780419999999998}, "15,15,32,2,4,1,0": {"time": 4.060426}, "15,15,32,2,4,1,1": {"time": 4.0717859999999995}, "15,15,32,2,4,2,0": {"time": 3.77771}, "15,15,32,2,4,2,1": {"time": 3.77819}, "15,15,32,2,4,4,0": {"time": 14.658045999999999}, "15,15,32,2,4,4,1": {"time": 14.638525999999999}, "15,15,32,4,1,1,0": {"time": 2.8311629999999997}, "15,15,32,4,1,1,1": {"time": 2.830523}, "15,15,32,4,1,2,0": {"time": 3.200278}, "15,15,32,4,1,2,1": {"time": 3.200758}, "15,15,32,4,1,4,0": {"time": 3.5311529999999998}, "15,15,32,4,1,4,1": {"time": 3.534833}, "15,15,32,4,2,1,0": {"time": 2.31501}, "15,15,32,4,2,1,1": {"time": 2.3135689999999998}, "15,15,32,4,2,2,0": {"time": 3.76891}, "15,15,32,4,2,2,1": {"time": 3.76795}, "15,15,32,4,2,4,0": {"time": 17.640086999999998}, "15,15,32,4,2,4,1": {"time": 17.650007}, "15,15,32,4,4,1,0": {"time": 2.318529}, "15,15,32,4,4,1,1": {"time": 2.31773}, "15,15,32,4,4,2,0": {"time": 5.2623299999999995}, "15,15,32,4,4,2,1": {"time": 5.239771}, "15,15,32,4,4,4,0": {"time": 4.203304}, "15,15,32,4,4,4,1": {"time": 4.202185}, "15,15,32,8,1,1,0": {"time": 2.646365}, "15,15,32,8,1,1,1": {"time": 2.646525}, "15,15,32,8,1,2,0": {"time": 4.653378}, "15,15,32,8,1,2,1": {"time": 4.656258}, "15,15,32,8,1,4,0": {"time": 12.209759}, "15,15,32,8,1,4,1": {"time": 12.205599}, "15,15,32,8,2,1,0": {"time": 1.790376}, "15,15,32,8,2,1,1": {"time": 1.812776}, "15,15,32,8,2,2,0": {"time": 3.5231529999999998}, "15,15,32,8,2,2,1": {"time": 3.522674}, "15,15,32,8,2,4,0": {"time": 24.204}, "15,15,32,8,2,4,1": {"time": 24.17824}, "15,15,32,8,4,1,0": {"time": 1.681898}, "15,15,32,8,4,1,1": {"time": 1.680458}, "15,15,32,8,4,2,0": {"time": 13.775818}, "15,15,32,8,4,2,1": {"time": 13.780298}, "15,15,32,8,4,4,0": {"time": 2.851642}, "15,15,32,8,4,4,1": {"time": 2.856602}, "15,15,48,1,1,1,0": {"time": 7.4599009999999994}, "15,15,48,1,1,1,1": {"time": 9.251237999999999}, "15,15,48,1,1,2,0": {"time": 116.378779}, "15,15,48,1,1,2,1": {"time": 115.439112}, "15,15,48,1,1,4,0": {"time": 106.358272}, "15,15,48,1,1,4,1": {"time": 104.357979}, "15,15,48,1,2,1,0": {"time": 82.639226}, "15,15,48,1,2,1,1": {"time": 82.667546}, "15,15,48,1,2,2,0": {"time": 123.958039}, "15,15,48,1,2,2,1": {"time": 123.90603999999999}, "15,15,48,1,2,4,0": {"time": 116.14294299999999}, "15,15,48,1,2,4,1": {"time": 116.14070299999999}, "15,15,48,1,4,1,0": {"time": 109.63422999999999},