{"device_name": "gfx906+sram-ecc", "kernel_name": "convolution_kernel", "tune_params_keys": ["filter_width", "filter_height", "block_size_x", "block_size_y", "tile_size_x", "tile_size_y", "use_padding"], "tune_params": {"filter_width": [15], "filter_height": [15], "block_size_x": [16, 32, 48, 64, 80, 96, 112, 128], "block_size_y": [1, 2, 4, 8, 16, 32], "tile_size_x": [1, 2, 4], "tile_size_y": [1, 2, 4], "use_padding": [0, 1]}, "cache": {"15,15,16,1,1,1,0": {"time": 12.693271999999999}, "15,15,16,1,1,1,1": {"time": 15.987948999999999}, "15,15,16,1,1,2,0": {"time": 7.838776999999999}, "15,15,16,1,1,2,1": {"time": 8.652686}, "15,15,16,1,1,4,0": {"time": 8.937802}, "15,15,16,1,1,4,1": {"time": 9.008360999999999}, "15,15,16,1,2,1,0": {"time": 11.519368}, "15,15,16,1,2,1,1": {"time": 11.518728}, "15,15,16,1,2,2,0": {"time": 7.174945999999999}, "15,15,16,1,2,2,1": {"time": 7.1591059999999995}, "15,15,16,1,2,4,0": {"time": 12.582714}, "15,15,16,1,2,4,1": {"time": 12.465435}, "15,15,16,1,4,1,0": {"time": 12.569434999999999}, "15,15,16,1,4,1,1": {"time": 12.642873999999999}, "15,15,16,1,4,2,0": {"time": 9.470754999999999}, "15,15,16,1,4,2,1": {"time": 9.471715}, "15,15,16,1,4,4,0": {"time": 15.003482}, "15,15,16,1,4,4,1": {"time": 16.051789}, "15,15,16,2,1,1,0": {"time": 5.932242}, "15,15,16,2,1,1,1": {"time": 6.979588}, "15,15,16,2,1,2,0": {"time": 4.7016979999999995}, "15,15,16,2,1,2,1": {"time": 4.807777}, "15,15,16,2,1,4,0": {"time": 4.8653759999999995}, "15,15,16,2,1,4,1": {"time": 4.745057}, "15,15,16,2,2,1,0": {"time": 5.33561}, "15,15,16,2,2,1,1": {"time": 5.261851}, "15,15,16,2,2,2,0": {"time": 5.000094}, "15,15,16,2,2,2,1": {"time": 4.907134999999999}, "15,15,16,2,2,4,0": {"time": 5.502808}, "15,15,16,2,2,4,1": {"time": 5.514167}, "15,15,16,2,4,1,0": {"time": 5.363129}, "15,15,16,2,4,1,1": {"time": 5.3316099999999995}, "15,15,16,2,4,2,0": {"time": 6.471435}, "15,15,16,2,4,2,1": {"time": 6.4499949999999995}, "15,15,16,2,4,4,0": {"time": 21.98115}, "15,15,16,2,4,4,1": {"time": 21.835072}, "15,15,16,4,1,1,0": {"time": 3.6196319999999997}, "15,15,16,4,1,1,1": {"time": 4.253544}, "15,15,16,4,1,2,0": {"time": 2.808443}, "15,15,16,4,1,2,1": {"time": 3.6724319999999997}, "15,15,16,4,1,4,0": {"time": 4.022667}, "15,15,16,4,1,4,1": {"time": 4.192105}, "15,15,16,4,2,1,0": {"time": 3.238997}, "15,15,16,4,2,1,1": {"time": 3.0050809999999997}, "15,15,16,4,2,2,0": {"time": 4.282823}, "15,15,16,4,2,2,1": {"time": 4.271144}, "15,15,16,4,2,4,0": {"time": 16.972255999999998}, "15,15,16,4,2,4,1": {"time": 17.214173}, "15,15,16,4,4,1,0": {"time": 3.123639}, "15,15,16,4,4,1,1": {"time": 3.0505199999999997}, "15,15,16,4,4,2,0": {"time": 5.576726}, "15,15,16,4,4,2,1": {"time": 5.508407}, "15,15,16,4,4,4,0": {"time": 4.759777}, "15,15,16,4,4,4,1": {"time": 4.607139}, "15,15,16,8,1,1,0": {"time": 3.115159}, "15,15,16,8,1,1,1": {"time": 3.238197}, "15,15,16,8,1,2,0": {"time": 6.535754}, "15,15,16,8,1,2,1": {"time": 5.28329}, "15,15,16,8,1,4,0": {"time": 12.968949}, "15,15,16,8,1,4,1": {"time": 12.723032}, "15,15,16,8,2,1,0": {"time": 2.782203}, "15,15,16,8,2,1,1": {"time": 2.071973}, "15,15,16,8,2,2,0": {"time": 4.3093829999999995}, "15,15,16,8,2,2,1": {"time": 4.151465}, "15,15,16,8,2,4,0": {"time": 24.95855}, "15,15,16,8,2,4,1": {"time": 24.727994}, "15,15,16,8,4,1,0": {"time": 2.769723}, "15,15,16,8,4,1,1": {"time": 1.8526159999999998}, "15,15,16,8,4,2,0": {"time": 13.939815999999999}, "15,15,16,8,4,2,1": {"time": 14.027655}, "15,15,16,8,4,4,0": {"time": 3.516273}, "15,15,16,8,4,4,1": {"time": 3.289557}, "15,15,16,16,1,1,0": {"time": 3.01116}, "15,15,16,16,1,1,1": {"time": 2.9815609999999997}, "15,15,16,16,1,2,0": {"time": 2.771804}, "15,15,16,16,1,2,1": {"time": 2.0580529999999997}, "15,15,16,16,1,4,0": {"time": 2.7615629999999998}, "15,15,16,16,1,4,1": {"time": 1.909575}, "15,15,16,16,2,1,0": {"time": 2.764284}, "15,15,16,16,2,1,1": {"time": 1.7577369999999999}, "15,15,16,16,2,2,0": {"time": 2.754044}, "15,15,16,16,2,2,1": {"time": 1.463981}, "15,15,16,16,2,4,0": {"time": 2.747964}, "15,15,16,16,2,4,1": {"time": 1.636458}, "15,15,16,16,4,1,0": {"time": 2.757564}, "15,15,16,16,4,1,1": {"time": 1.5183799999999998}, "15,15,16,16,4,2,0": {"time": 2.7484439999999997}, "15,15,16,16,4,2,1": {"time": 1.616779}, "15,15,16,16,4,4,0": {"time": 3.4860339999999996}, "15,15,16,16,4,4,1": {"time": 3.1721179999999998}, "15,15,32,1,1,1,0": {"time": 8.381169}, "15,15,32,1,1,1,1": {"time": 8.417169}, "15,15,32,1,1,2,0": {"time": 5.008254}, "15,15,32,1,1,2,1": {"time": 4.974494}, "15,15,32,1,1,4,0": {"time": 5.114172}, "15,15,32,1,1,4,1": {"time": 5.0940129999999995}, "15,15,32,1,2,1,0": {"time": 9.174439}, "15,15,32,1,2,1,1": {"time": 9.170278999999999}, "15,15,32,1,2,2,0": {"time": 5.113532}, "15,15,32,1,2,2,1": {"time": 5.182491}, "15,15,32,1,2,4,0": {"time": 6.9019889999999995}, "15,15,32,1,2,4,1": {"time": 6.866308999999999}, "15,15,32,1,4,1,0": {"time": 10.165306}, "15,15,32,1,4,1,1": {"time": 10.164826}, "15,15,32,1,4,2,0": {"time": 6.126639}, "15,15,32,1,4,2,1": {"time": 6.1101589999999995}, "15,15,32,1,4,4,0": {"time": 8.490928}, "15,15,32,1,4,4,1": {"time": 8.482768}, "15,15,32,2,1,1,0": {"time": 4.121865}, "15,15,32,2,1,1,1": {"time": 4.133865}, "15,15,32,2,1,2,0": {"time": 2.544926}, "15,15,32,2,1,2,1": {"time": 2.545406}, "15,15,32,2,1,4,0": {"time": 2.568446}, "15,15,32,2,1,4,1": {"time": 2.566046}, "15,15,32,2,2,1,0": {"time": 4.314823}, "15,15,32,2,2,1,1": {"time": 4.304583}, "15,15,32,2,2,2,0": {"time": 2.9166019999999997}, "15,15,32,2,2,2,1": {"time": 2.917721}, "15,15,32,2,2,4,0": {"time": 3.230037}, "15,15,32,2,2,4,1": {"time": 3.237237}, "15,15,32,2,4,1,0": {"time": 4.4765809999999995}, "15,15,32,2,4,1,1": {"time": 4.57306}, "15,15,32,2,4,2,0": {"time": 4.170985}, "15,15,32,2,4,2,1": {"time": 4.176105}, "15,15,32,2,4,4,0": {"time": 14.684446}, "15,15,32,2,4,4,1": {"time": 14.644286}, "15,15,32,4,1,1,0": {"time": 3.215798}, "15,15,32,4,1,1,1": {"time": 3.2159579999999997}, "15,15,32,4,1,2,0": {"time": 3.626992}, "15,15,32,4,1,2,1": {"time": 3.6258719999999998}, "15,15,32,4,1,4,0": {"time": 4.013227}, "15,15,32,4,1,4,1": {"time": 4.0068269999999995}, "15,15,32,4,2,1,0": {"time": 2.605566}, "15,15,32,4,2,1,1": {"time": 2.6070059999999997}, "15,15,32,4,2,2,0": {"time": 4.277063}, "15,15,32,4,2,2,1": {"time": 4.232104}, "15,15,32,4,2,4,0": {"time": 17.647606}, "15,15,32,4,2,4,1": {"time": 17.651766}, "15,15,32,4,4,1,0": {"time": 2.6391649999999998}, "15,15,32,4,4,1,1": {"time": 2.639325}, "15,15,32,4,4,2,0": {"time": 5.622966}, "15,15,32,4,4,2,1": {"time": 5.590006}, "15,15,32,4,4,4,0": {"time": 4.639139}, "15,15,32,4,4,4,1": {"time": 4.641539}, "15,15,32,8,1,1,0": {"time": 3.01916}, "15,15,32,8,1,1,1": {"time": 3.01804}, "15,15,32,8,1,2,0": {"time": 5.002014}, "15,15,32,8,1,2,1": {"time": 5.029052999999999}, "15,15,32,8,1,4,0": {"time": 12.222558}, "15,15,32,8,1,4,1": {"time": 12.177278999999999}, "15,15,32,8,2,1,0": {"time": 1.842376}, "15,15,32,8,2,1,1": {"time": 1.8417359999999998}, "15,15,32,8,2,2,0": {"time": 4.014507}, "15,15,32,8,2,2,1": {"time": 4.0423469999999995}, "15,15,32,8,2,4,0": {"time": 24.20128}, "15,15,32,8,2,4,1": {"time": 24.14528}, "15,15,32,8,4,1,0": {"time": 1.689098}, "15,15,32,8,4,1,1": {"time": 1.689098}, "15,15,32,8,4,2,0": {"time": 13.794376999999999}, "15,15,32,8,4,2,1": {"time": 13.750058}, "15,15,32,8,4,4,0": {"time": 3.285236}, "15,15,32,8,4,4,1": {"time": 3.282517}, "15,15,48,1,1,1,0": {"time": 7.472701}, "15,15,48,1,1,1,1": {"time": 9.274277}, "15,15,48,1,1,2,0": {"time": 116.35589999999999}, "15,15,48,1,1,2,1": {"time": 115.431912}, "15,15,48,1,1,4,0": {"time": 106.415551}, "15,15,48,1,1,4,1": {"time": 104.29445899999999}, "15,15,48,1,2,1,0": {"time": 82.626746}, "15,15,48,1,2,1,1": {"time": 82.667386}, "15,15,48,1,2,2,0": {"time": 124.000598}, "15,15,48,1,2,2,1": {"time": 123.95947899999999}, "15,15,48,1,2,4,0": {"time": 116.107903}, "15,15,48,1,2,4,1": {"time": 116.101984}, "15,15,48,1,4,1,0": {"time": 109.699669},