{"device_name": "gfx906+sram-ecc", "kernel_name": "convolution_kernel", "tune_params_keys": ["filter_width", "filter_height", "block_size_x", "block_size_y", "tile_size_x", "tile_size_y", "use_padding"], "tune_params": {"filter_width": [15], "filter_height": [15], "block_size_x": [16, 32, 48, 64, 80, 96, 112, 128], "block_size_y": [1, 2, 4, 8, 16, 32], "tile_size_x": [1, 2, 4], "tile_size_y": [1, 2, 4], "use_padding": [0, 1]}, "cache": {"15,15,16,1,1,1,0": {"time": 12.703672}, "15,15,16,1,1,1,1": {"time": 15.996110999999999}, "15,15,16,1,1,2,0": {"time": 7.843896999999999}, "15,15,16,1,1,2,1": {"time": 8.652047}, "15,15,16,1,1,4,0": {"time": 8.946923}, "15,15,16,1,1,4,1": {"time": 9.010921999999999}, "15,15,16,1,2,1,0": {"time": 11.519048}, "15,15,16,1,2,1,1": {"time": 11.529767999999999}, "15,15,16,1,2,2,0": {"time": 7.157826}, "15,15,16,1,2,2,1": {"time": 7.162306}, "15,15,16,1,2,4,0": {"time": 12.608153999999999}, "15,15,16,1,2,4,1": {"time": 12.478876}, "15,15,16,1,4,1,0": {"time": 12.573914}, "15,15,16,1,4,1,1": {"time": 12.644153999999999}, "15,15,16,1,4,2,0": {"time": 9.471395}, "15,15,16,1,4,2,1": {"time": 9.464355}, "15,15,16,1,4,4,0": {"time": 15.006841999999999}, "15,15,16,1,4,4,1": {"time": 16.069708}, "15,15,16,2,1,1,0": {"time": 5.753684}, "15,15,16,2,1,1,1": {"time": 6.918469}, "15,15,16,2,1,2,0": {"time": 4.281064}, "15,15,16,2,1,2,1": {"time": 4.298023}, "15,15,16,2,1,4,0": {"time": 4.451301}, "15,15,16,2,1,4,1": {"time": 4.3351429999999995}, "15,15,16,2,2,1,0": {"time": 4.960414999999999}, "15,15,16,2,2,1,1": {"time": 4.869056}, "15,15,16,2,2,2,0": {"time": 4.5689}, "15,15,16,2,2,2,1": {"time": 4.522819999999999}, "15,15,16,2,2,4,0": {"time": 5.357849}, "15,15,16,2,2,4,1": {"time": 5.364249}, "15,15,16,2,4,1,0": {"time": 5.050813}, "15,15,16,2,4,1,1": {"time": 5.016734}, "15,15,16,2,4,2,0": {"time": 6.429354999999999}, "15,15,16,2,4,2,1": {"time": 6.412554999999999}, "15,15,16,2,4,4,0": {"time": 21.97123}, "15,15,16,2,4,4,1": {"time": 21.838431999999997}, "15,15,16,4,1,1,0": {"time": 3.1951579999999997}, "15,15,16,4,1,1,1": {"time": 3.7636309999999997}, "15,15,16,4,1,2,0": {"time": 2.523967}, "15,15,16,4,1,2,1": {"time": 3.243317}, "15,15,16,4,1,4,0": {"time": 3.623312}, "15,15,16,4,1,4,1": {"time": 3.713071}, "15,15,16,4,2,1,0": {"time": 2.867642}, "15,15,16,4,2,1,1": {"time": 2.6706849999999998}, "15,15,16,4,2,2,0": {"time": 3.8098699999999996}, "15,15,16,4,2,2,1": {"time": 3.761071}, "15,15,16,4,2,4,0": {"time": 16.963776}, "15,15,16,4,2,4,1": {"time": 17.194492999999998}, "15,15,16,4,4,1,0": {"time": 2.748124}, "15,15,16,4,4,1,1": {"time": 2.6862049999999997}, "15,15,16,4,4,2,0": {"time": 5.406809}, "15,15,16,4,4,2,1": {"time": 5.217690999999999}, "15,15,16,4,4,4,0": {"time": 4.270504}, "15,15,16,4,4,4,1": {"time": 4.1962649999999995}, "15,15,16,8,1,1,0": {"time": 2.735484}, "15,15,16,8,1,1,1": {"time": 2.844923}, "15,15,16,8,1,2,0": {"time": 6.4304749999999995}, "15,15,16,8,1,2,1": {"time": 4.888096}, "15,15,16,8,1,4,0": {"time": 12.961428999999999}, "15,15,16,8,1,4,1": {"time": 12.742232}, "15,15,16,8,2,1,0": {"time": 2.5145269999999997}, "15,15,16,8,2,1,1": {"time": 2.069413}, "15,15,16,8,2,2,0": {"time": 3.8300289999999997}, "15,15,16,8,2,2,1": {"time": 3.664272}, "15,15,16,8,2,4,0": {"time": 24.926071}, "15,15,16,8,2,4,1": {"time": 24.729592999999998}, "15,15,16,8,4,1,0": {"time": 2.448128}, "15,15,16,8,4,1,1": {"time": 1.851016}, "15,15,16,8,4,2,0": {"time": 13.999495}, "15,15,16,8,4,2,1": {"time": 13.999334999999999}, "15,15,16,8,4,4,0": {"time": 3.0558}, "15,15,16,8,4,4,1": {"time": 2.861722}, "15,15,16,16,1,1,0": {"time": 2.635005}, "15,15,16,16,1,1,1": {"time": 2.6110059999999997}, "15,15,16,16,1,2,0": {"time": 2.406208}, "15,15,16,16,1,2,1": {"time": 2.0585329999999997}, "15,15,16,16,1,4,0": {"time": 2.485887}, "15,15,16,16,1,4,1": {"time": 1.911335}, "15,15,16,16,2,1,0": {"time": 2.487167}, "15,15,16,16,2,1,1": {"time": 1.7572569999999998}, "15,15,16,16,2,2,0": {"time": 2.4393279999999997}, "15,15,16,16,2,2,1": {"time": 1.464461}, "15,15,16,16,2,4,0": {"time": 2.467808}, "15,15,16,16,2,4,1": {"time": 1.640938}, "15,15,16,16,4,1,0": {"time": 2.428608}, "15,15,16,16,4,1,1": {"time": 1.5183799999999998}, "15,15,16,16,4,2,0": {"time": 2.3903689999999997}, "15,15,16,16,4,2,1": {"time": 1.613259}, "15,15,16,16,4,4,0": {"time": 3.03116}, "15,15,16,16,4,4,1": {"time": 2.761884}, "15,15,32,1,1,1,0": {"time": 8.387248999999999}, "15,15,32,1,1,1,1": {"time": 8.416369}, "15,15,32,1,1,2,0": {"time": 4.594659}, "15,15,32,1,1,2,1": {"time": 4.594339}, "15,15,32,1,1,4,0": {"time": 4.719618}, "15,15,32,1,1,4,1": {"time": 4.717858}, "15,15,32,1,2,1,0": {"time": 9.175559}, "15,15,32,1,2,1,1": {"time": 9.176999}, "15,15,32,1,2,2,0": {"time": 4.837056}, "15,15,32,1,2,2,1": {"time": 4.834816}, "15,15,32,1,2,4,0": {"time": 6.844869999999999}, "15,15,32,1,2,4,1": {"time": 6.845669999999999}, "15,15,32,1,4,1,0": {"time": 10.160345999999999}, "15,15,32,1,4,1,1": {"time": 10.158426}, "15,15,32,1,4,2,0": {"time": 6.011921}, "15,15,32,1,4,2,1": {"time": 6.011921}, "15,15,32,1,4,4,0": {"time": 8.485327999999999}, "15,15,32,1,4,4,1": {"time": 8.482768}, "15,15,32,2,1,1,0": {"time": 3.644592}, "15,15,32,2,1,1,1": {"time": 3.643792}, "15,15,32,2,1,2,0": {"time": 2.330209}, "15,15,32,2,1,2,1": {"time": 2.437408}, "15,15,32,2,1,4,0": {"time": 2.3473289999999998}, "15,15,32,2,1,4,1": {"time": 2.3410889999999998}, "15,15,32,2,2,1,0": {"time": 3.844429}, "15,15,32,2,2,1,1": {"time": 3.843469}, "15,15,32,2,2,2,0": {"time": 2.611966}, "15,15,32,2,2,2,1": {"time": 2.651805}, "15,15,32,2,2,4,0": {"time": 2.8820419999999998}, "15,15,32,2,2,4,1": {"time": 2.8833219999999997}, "15,15,32,2,4,1,0": {"time": 4.061226}, "15,15,32,2,4,1,1": {"time": 4.0735459999999994}, "15,15,32,2,4,2,0": {"time": 3.7753099999999997}, "15,15,32,2,4,2,1": {"time": 3.77947}, "15,15,32,2,4,4,0": {"time": 14.677086}, "15,15,32,2,4,4,1": {"time": 14.661406}, "15,15,32,4,1,1,0": {"time": 2.8298829999999997}, "15,15,32,4,1,1,1": {"time": 2.8316429999999997}, "15,15,32,4,1,2,0": {"time": 3.1956379999999998}, "15,15,32,4,1,2,1": {"time": 3.201558}, "15,15,32,4,1,4,0": {"time": 3.521394}, "15,15,32,4,1,4,1": {"time": 3.524594}, "15,15,32,4,2,1,0": {"time": 2.425408}, "15,15,32,4,2,1,1": {"time": 2.424128}, "15,15,32,4,2,2,0": {"time": 3.76571}, "15,15,32,4,2,2,1": {"time": 3.76715}, "15,15,32,4,2,4,0": {"time": 17.645526999999998}, "15,15,32,4,2,4,1": {"time": 17.659447}, "15,15,32,4,4,1,0": {"time": 2.372929}, "15,15,32,4,4,1,1": {"time": 2.353729}, "15,15,32,4,4,2,0": {"time": 5.207291}, "15,15,32,4,4,2,1": {"time": 5.201690999999999}, "15,15,32,4,4,4,0": {"time": 4.205223999999999}, "15,15,32,4,4,4,1": {"time": 4.203304}, "15,15,32,8,1,1,0": {"time": 2.646365}, "15,15,32,8,1,1,1": {"time": 2.6471649999999998}, "15,15,32,8,1,2,0": {"time": 4.651619}, "15,15,32,8,1,2,1": {"time": 4.648738}, "15,15,32,8,1,4,0": {"time": 12.218878}, "15,15,32,8,1,4,1": {"time": 12.214718999999999}, "15,15,32,8,2,1,0": {"time": 1.842376}, "15,15,32,8,2,1,1": {"time": 1.8428559999999998}, "15,15,32,8,2,2,0": {"time": 3.522833}, "15,15,32,8,2,2,1": {"time": 3.522993}, "15,15,32,8,2,4,0": {"time": 24.231999}, "15,15,32,8,2,4,1": {"time": 24.235999}, "15,15,32,8,4,1,0": {"time": 1.688778}, "15,15,32,8,4,1,1": {"time": 1.6894179999999999}, "15,15,32,8,4,2,0": {"time": 13.763017999999999}, "15,15,32,8,4,2,1": {"time": 13.769418}, "15,15,32,8,4,4,0": {"time": 2.848442}, "15,15,32,8,4,4,1": {"time": 2.853402}, "15,15,48,1,1,1,0": {"time": 7.458461}, "15,15,48,1,1,1,1": {"time": 9.266437}, "15,15,48,1,1,2,0": {"time": 116.3303}, "15,15,48,1,1,2,1": {"time": 115.438632}, "15,15,48,1,1,4,0": {"time": 106.35587199999999}, "15,15,48,1,1,4,1": {"time": 104.32405899999999}, "15,15,48,1,2,1,0": {"time": 82.629786}, "15,15,48,1,2,1,1": {"time": 82.618106}, "15,15,48,1,2,2,0": {"time": 123.95147899999999}, "15,15,48,1,2,2,1": {"time": 123.907479}, "15,15,48,1,2,4,0": {"time": 116.006625},