{"device_name": "gfx906+sram-ecc", "kernel_name": "convolution_kernel", "tune_params_keys": ["filter_width", "filter_height", "block_size_x", "block_size_y", "tile_size_x", "tile_size_y", "use_padding"], "tune_params": {"filter_width": [15], "filter_height": [15], "block_size_x": [16, 32, 48, 64, 80, 96, 112, 128], "block_size_y": [1, 2, 4, 8, 16, 32], "tile_size_x": [1, 2, 4], "tile_size_y": [1, 2, 4], "use_padding": [0, 1]}, "cache": {"15,15,16,1,1,1,0": {"time": 12.698715}, "15,15,16,1,1,1,1": {"time": 15.990991}, "15,15,16,1,1,2,0": {"time": 7.838457}, "15,15,16,1,1,2,1": {"time": 8.654766}, "15,15,16,1,1,4,0": {"time": 8.953802}, "15,15,16,1,1,4,1": {"time": 9.001802}, "15,15,16,1,2,1,0": {"time": 11.508168999999999}, "15,15,16,1,2,1,1": {"time": 11.518887999999999}, "15,15,16,1,2,2,0": {"time": 7.157506}, "15,15,16,1,2,2,1": {"time": 7.164706}, "15,15,16,1,2,4,0": {"time": 12.562394999999999}, "15,15,16,1,2,4,1": {"time": 12.484475999999999}, "15,15,16,1,4,1,0": {"time": 12.577594}, "15,15,16,1,4,1,1": {"time": 12.649433}, "15,15,16,1,4,2,0": {"time": 9.468835}, "15,15,16,1,4,2,1": {"time": 9.466595}, "15,15,16,1,4,4,0": {"time": 14.993082999999999}, "15,15,16,1,4,4,1": {"time": 16.057228}, "15,15,16,2,1,1,0": {"time": 5.7533639999999995}, "15,15,16,2,1,1,1": {"time": 6.917509}, "15,15,16,2,1,2,0": {"time": 4.280104}, "15,15,16,2,1,2,1": {"time": 4.2986629999999995}, "15,15,16,2,1,4,0": {"time": 4.454181}, "15,15,16,2,1,4,1": {"time": 4.336743}, "15,15,16,2,2,1,0": {"time": 4.960255}, "15,15,16,2,2,1,1": {"time": 4.868736}, "15,15,16,2,2,2,0": {"time": 4.5655399999999995}, "15,15,16,2,2,2,1": {"time": 4.52746}, "15,15,16,2,2,4,0": {"time": 5.33257}, "15,15,16,2,2,4,1": {"time": 5.360088999999999}, "15,15,16,2,4,1,0": {"time": 5.075133}, "15,15,16,2,4,1,1": {"time": 5.018494}, "15,15,16,2,4,2,0": {"time": 6.4331949999999996}, "15,15,16,2,4,2,1": {"time": 6.407915999999999}, "15,15,16,2,4,4,0": {"time": 21.97891}, "15,15,16,2,4,4,1": {"time": 21.841791999999998}, "15,15,16,4,1,1,0": {"time": 3.3215559999999997}, "15,15,16,4,1,1,1": {"time": 3.8001099999999997}, "15,15,16,4,1,2,0": {"time": 2.800283}, "15,15,16,4,1,2,1": {"time": 3.348276}, "15,15,16,4,1,4,0": {"time": 3.6213919999999997}, "15,15,16,4,1,4,1": {"time": 3.750031}, "15,15,16,4,2,1,0": {"time": 3.094999}, "15,15,16,4,2,1,1": {"time": 2.9455609999999997}, "15,15,16,4,2,2,0": {"time": 3.8245899999999997}, "15,15,16,4,2,2,1": {"time": 3.78923}, "15,15,16,4,2,4,0": {"time": 16.958175999999998}, "15,15,16,4,2,4,1": {"time": 17.220093}, "15,15,16,4,4,1,0": {"time": 3.079479}, "15,15,16,4,4,1,1": {"time": 3.00732}, "15,15,16,4,4,2,0": {"time": 5.4045689999999995}, "15,15,16,4,4,2,1": {"time": 5.219771}, "15,15,16,4,4,4,0": {"time": 4.268744}, "15,15,16,4,4,4,1": {"time": 4.190345}, "15,15,16,8,1,1,0": {"time": 3.05884}, "15,15,16,8,1,1,1": {"time": 3.0514799999999997}, "15,15,16,8,1,2,0": {"time": 6.436554999999999}, "15,15,16,8,1,2,1": {"time": 4.887296}, "15,15,16,8,1,4,0": {"time": 12.975508999999999}, "15,15,16,8,1,4,1": {"time": 12.780631}, "15,15,16,8,2,1,0": {"time": 2.782043}, "15,15,16,8,2,1,1": {"time": 2.071813}, "15,15,16,8,2,2,0": {"time": 3.83195}, "15,15,16,8,2,2,1": {"time": 3.676752}, "15,15,16,8,2,4,0": {"time": 24.947830999999997}, "15,15,16,8,2,4,1": {"time": 24.703034}, "15,15,16,8,4,1,0": {"time": 2.770683}, "15,15,16,8,4,1,1": {"time": 1.8530959999999999}, "15,15,16,8,4,2,0": {"time": 14.012934999999999}, "15,15,16,8,4,2,1": {"time": 14.026214999999999}, "15,15,16,8,4,4,0": {"time": 3.2645969999999997}, "15,15,16,8,4,4,1": {"time": 3.1266789999999998}, "15,15,16,16,1,1,0": {"time": 2.949241}, "15,15,16,16,1,1,1": {"time": 2.882682}, "15,15,16,16,1,2,0": {"time": 2.7271639999999997}, "15,15,16,16,1,2,1": {"time": 2.057893}, "15,15,16,16,1,4,0": {"time": 2.762044}, "15,15,16,16,1,4,1": {"time": 1.919335}, "15,15,16,16,2,1,0": {"time": 2.763483}, "15,15,16,16,2,1,1": {"time": 1.756937}, "15,15,16,16,2,2,0": {"time": 2.7538839999999998}, "15,15,16,16,2,2,1": {"time": 1.4643009999999999}, "15,15,16,16,2,4,0": {"time": 2.748124}, "15,15,16,16,2,4,1": {"time": 1.637259}, "15,15,16,16,4,1,0": {"time": 2.758364}, "15,15,16,16,4,1,1": {"time": 1.51822}, "15,15,16,16,4,2,0": {"time": 2.7076439999999997}, "15,15,16,16,4,2,1": {"time": 1.619499}, "15,15,16,16,4,4,0": {"time": 3.193718}, "15,15,16,16,4,4,1": {"time": 3.103319}, "15,15,32,1,1,1,0": {"time": 8.384689}, "15,15,32,1,1,1,1": {"time": 8.420209}, "15,15,32,1,1,2,0": {"time": 4.592258999999999}, "15,15,32,1,1,2,1": {"time": 4.5949789999999995}, "15,15,32,1,1,4,0": {"time": 4.712898}, "15,15,32,1,1,4,1": {"time": 4.718018}, "15,15,32,1,2,1,0": {"time": 9.173319}, "15,15,32,1,2,1,1": {"time": 9.173479}, "15,15,32,1,2,2,0": {"time": 4.8360959999999995}, "15,15,32,1,2,2,1": {"time": 4.835935999999999}, "15,15,32,1,2,4,0": {"time": 6.843109999999999}, "15,15,32,1,2,4,1": {"time": 6.83911}, "15,15,32,1,4,1,0": {"time": 10.162746}, "15,15,32,1,4,1,1": {"time": 10.160986}, "15,15,32,1,4,2,0": {"time": 6.019441}, "15,15,32,1,4,2,1": {"time": 6.015281}, "15,15,32,1,4,4,0": {"time": 8.489647999999999}, "15,15,32,1,4,4,1": {"time": 8.485168}, "15,15,32,2,1,1,0": {"time": 3.6753109999999998}, "15,15,32,2,1,1,1": {"time": 3.683471}, "15,15,32,2,1,2,0": {"time": 2.543167}, "15,15,32,2,1,2,1": {"time": 2.5444459999999998}, "15,15,32,2,1,4,0": {"time": 2.5657259999999997}, "15,15,32,2,1,4,1": {"time": 2.5679659999999997}, "15,15,32,2,2,1,0": {"time": 3.853709}, "15,15,32,2,2,1,1": {"time": 3.8429889999999998}, "15,15,32,2,2,2,0": {"time": 2.8878019999999998}, "15,15,32,2,2,2,1": {"time": 2.9172409999999998}, "15,15,32,2,2,4,0": {"time": 3.0394799999999997}, "15,15,32,2,2,4,1": {"time": 3.03804}, "15,15,32,2,4,1,0": {"time": 4.059626}, "15,15,32,2,4,1,1": {"time": 4.078825999999999}, "15,15,32,2,4,2,0": {"time": 3.79819}, "15,15,32,2,4,2,1": {"time": 3.80091}, "15,15,32,2,4,4,0": {"time": 14.695965999999999}, "15,15,32,2,4,4,1": {"time": 14.659645999999999}, "15,15,32,4,1,1,0": {"time": 3.112279}, "15,15,32,4,1,1,1": {"time": 3.1284389999999997}, "15,15,32,4,1,2,0": {"time": 3.3570759999999997}, "15,15,32,4,1,2,1": {"time": 3.3655559999999998}, "15,15,32,4,1,4,0": {"time": 3.601073}, "15,15,32,4,1,4,1": {"time": 3.599952}, "15,15,32,4,2,1,0": {"time": 2.605566}, "15,15,32,4,2,1,1": {"time": 2.606206}, "15,15,32,4,2,2,0": {"time": 3.7855499999999997}, "15,15,32,4,2,2,1": {"time": 3.7623499999999996}, "15,15,32,4,2,4,0": {"time": 17.649846999999998}, "15,15,32,4,2,4,1": {"time": 17.647447}, "15,15,32,4,4,1,0": {"time": 2.638045}, "15,15,32,4,4,1,1": {"time": 2.622365}, "15,15,32,4,4,2,0": {"time": 5.2088909999999995}, "15,15,32,4,4,2,1": {"time": 5.221051}, "15,15,32,4,4,4,0": {"time": 4.211304}, "15,15,32,4,4,4,1": {"time": 4.202825}, "15,15,32,8,1,1,0": {"time": 2.959481}, "15,15,32,8,1,1,1": {"time": 2.9127609999999997}, "15,15,32,8,1,2,0": {"time": 4.651618}, "15,15,32,8,1,2,1": {"time": 4.662338}, "15,15,32,8,1,4,0": {"time": 12.216958}, "15,15,32,8,1,4,1": {"time": 12.236317999999999}, "15,15,32,8,2,1,0": {"time": 1.842696}, "15,15,32,8,2,1,1": {"time": 1.840776}, "15,15,32,8,2,2,0": {"time": 3.546833}, "15,15,32,8,2,2,1": {"time": 3.570833}, "15,15,32,8,2,4,0": {"time": 24.216158999999998}, "15,15,32,8,2,4,1": {"time": 24.17616}, "15,15,32,8,4,1,0": {"time": 1.688458}, "15,15,32,8,4,1,1": {"time": 1.690378}, "15,15,32,8,4,2,0": {"time": 13.759658}, "15,15,32,8,4,2,1": {"time": 13.770057999999999}, "15,15,32,8,4,4,0": {"time": 3.0581989999999997}, "15,15,32,8,4,4,1": {"time": 3.076599}, "15,15,48,1,1,1,0": {"time": 7.457180999999999}, "15,15,48,1,1,1,1": {"time": 9.270757}, "15,15,48,1,1,2,0": {"time": 116.185662}, "15,15,48,1,1,2,1": {"time": 115.431912}, "15,15,48,1,1,4,0": {"time": 106.333152}, "15,15,48,1,1,4,1": {"time": 104.361499}, "15,15,48,1,2,1,0": {"time": 82.628506}, "15,15,48,1,2,1,1": {"time": 82.591707}, "15,15,48,1,2,2,0": {"time": 123.919479}, "15,15,48,1,2,2,1": {"time": 124.009079},