{"device_name": "gfx906+sram-ecc", "kernel_name": "convolution_kernel", "tune_params_keys": ["filter_width", "filter_height", "block_size_x", "block_size_y", "tile_size_x", "tile_size_y", "use_padding"], "tune_params": {"filter_width": [15], "filter_height": [15], "block_size_x": [16, 32, 48, 64, 80, 96, 112, 128], "block_size_y": [1, 2, 4, 8, 16, 32], "tile_size_x": [1, 2, 4], "tile_size_y": [1, 2, 4], "use_padding": [0, 1]}, "cache": {"15,15,16,1,1,1,0": {"time": 12.649915}, "15,15,16,1,1,1,1": {"time": 15.921230999999999}, "15,15,16,1,1,2,0": {"time": 7.806617999999999}, "15,15,16,1,1,2,1": {"time": 8.654926}, "15,15,16,1,1,4,0": {"time": 8.949322}, "15,15,16,1,1,4,1": {"time": 9.007562}, "15,15,16,1,2,1,0": {"time": 11.479849}, "15,15,16,1,2,1,1": {"time": 11.475849}, "15,15,16,1,2,2,0": {"time": 7.161986}, "15,15,16,1,2,2,1": {"time": 7.163906}, "15,15,16,1,2,4,0": {"time": 12.584314}, "15,15,16,1,2,4,1": {"time": 12.479996}, "15,15,16,1,4,1,0": {"time": 12.564634999999999}, "15,15,16,1,4,1,1": {"time": 12.648313}, "15,15,16,1,4,2,0": {"time": 9.474275}, "15,15,16,1,4,2,1": {"time": 9.476835}, "15,15,16,1,4,4,0": {"time": 15.004601999999998}, "15,15,16,1,4,4,1": {"time": 16.044269}, "15,15,16,2,1,1,0": {"time": 5.753203999999999}, "15,15,16,2,1,1,1": {"time": 6.919269}, "15,15,16,2,1,2,0": {"time": 4.283304}, "15,15,16,2,1,2,1": {"time": 4.300583}, "15,15,16,2,1,4,0": {"time": 4.443782}, "15,15,16,2,1,4,1": {"time": 4.3324229999999995}, "15,15,16,2,2,1,0": {"time": 4.959455}, "15,15,16,2,2,1,1": {"time": 4.8716159999999995}, "15,15,16,2,2,2,0": {"time": 4.56586}, "15,15,16,2,2,2,1": {"time": 4.511941}, "15,15,16,2,2,4,0": {"time": 5.35161}, "15,15,16,2,2,4,1": {"time": 5.378648999999999}, "15,15,16,2,4,1,0": {"time": 5.051774}, "15,15,16,2,4,1,1": {"time": 5.017854}, "15,15,16,2,4,2,0": {"time": 6.429835}, "15,15,16,2,4,2,1": {"time": 6.412716}, "15,15,16,2,4,4,0": {"time": 21.984189999999998}, "15,15,16,2,4,4,1": {"time": 21.827872}, "15,15,16,4,1,1,0": {"time": 3.195958}, "15,15,16,4,1,1,1": {"time": 3.756751}, "15,15,16,4,1,2,0": {"time": 2.486367}, "15,15,16,4,1,2,1": {"time": 3.240917}, "15,15,16,4,1,4,0": {"time": 3.564593}, "15,15,16,4,1,4,1": {"time": 3.700431}, "15,15,16,4,2,1,0": {"time": 2.867482}, "15,15,16,4,2,1,1": {"time": 2.672125}, "15,15,16,4,2,2,0": {"time": 3.8073099999999998}, "15,15,16,4,2,2,1": {"time": 3.7188309999999998}, "15,15,16,4,2,4,0": {"time": 16.956097}, "15,15,16,4,2,4,1": {"time": 17.201213}, "15,15,16,4,4,1,0": {"time": 2.7334039999999997}, "15,15,16,4,4,1,1": {"time": 2.673885}, "15,15,16,4,4,2,0": {"time": 5.404089}, "15,15,16,4,4,2,1": {"time": 5.217851}, "15,15,16,4,4,4,0": {"time": 4.271304}, "15,15,16,4,4,4,1": {"time": 4.188105}, "15,15,16,8,1,1,0": {"time": 2.735484}, "15,15,16,8,1,1,1": {"time": 2.8436429999999997}, "15,15,16,8,1,2,0": {"time": 6.444554999999999}, "15,15,16,8,1,2,1": {"time": 4.879936}, "15,15,16,8,1,4,0": {"time": 12.991508999999999}, "15,15,16,8,1,4,1": {"time": 12.755991999999999}, "15,15,16,8,2,1,0": {"time": 2.400928}, "15,15,16,8,2,1,1": {"time": 1.844936}, "15,15,16,8,2,2,0": {"time": 3.82667}, "15,15,16,8,2,2,1": {"time": 3.6649119999999997}, "15,15,16,8,2,4,0": {"time": 24.956789999999998}, "15,15,16,8,2,4,1": {"time": 24.734554}, "15,15,16,8,4,1,0": {"time": 2.386529}, "15,15,16,8,4,1,1": {"time": 1.6313389999999999}, "15,15,16,8,4,2,0": {"time": 13.959016}, "15,15,16,8,4,2,1": {"time": 14.015334999999999}, "15,15,16,8,4,4,0": {"time": 3.05996}, "15,15,16,8,4,4,1": {"time": 2.861402}, "15,15,16,16,1,1,0": {"time": 2.634525}, "15,15,16,16,1,1,1": {"time": 2.610686}, "15,15,16,16,1,2,0": {"time": 2.390529}, "15,15,16,16,1,2,1": {"time": 1.823496}, "15,15,16,16,1,4,0": {"time": 2.3806089999999998}, "15,15,16,16,1,4,1": {"time": 1.6922979999999999}, "15,15,16,16,2,1,0": {"time": 2.3823689999999997}, "15,15,16,16,2,1,1": {"time": 1.55262}, "15,15,16,16,2,2,0": {"time": 2.375009}, "15,15,16,16,2,2,1": {"time": 1.2983829999999998}, "15,15,16,16,2,4,0": {"time": 2.369409}, "15,15,16,16,2,4,1": {"time": 1.433261}, "15,15,16,16,4,1,0": {"time": 2.376289}, "15,15,16,16,4,1,1": {"time": 1.345102}, "15,15,16,16,4,2,0": {"time": 2.369089}, "15,15,16,16,4,2,1": {"time": 1.417581}, "15,15,16,16,4,4,0": {"time": 3.0314799999999997}, "15,15,16,16,4,4,1": {"time": 2.760284}, "15,15,32,1,1,1,0": {"time": 8.383409}, "15,15,32,1,1,1,1": {"time": 8.382928999999999}, "15,15,32,1,1,2,0": {"time": 4.593379}, "15,15,32,1,1,2,1": {"time": 4.591939}, "15,15,32,1,1,4,0": {"time": 4.715298}, "15,15,32,1,1,4,1": {"time": 4.715777999999999}, "15,15,32,1,2,1,0": {"time": 9.158919}, "15,15,32,1,2,1,1": {"time": 9.161159}, "15,15,32,1,2,2,0": {"time": 4.837216}, "15,15,32,1,2,2,1": {"time": 4.838816}, "15,15,32,1,2,4,0": {"time": 6.84167}, "15,15,32,1,2,4,1": {"time": 6.843109999999999}, "15,15,32,1,4,1,0": {"time": 10.158745999999999}, "15,15,32,1,4,1,1": {"time": 10.160826}, "15,15,32,1,4,2,0": {"time": 6.0167209999999995}, "15,15,32,1,4,2,1": {"time": 6.021681}, "15,15,32,1,4,4,0": {"time": 8.481328}, "15,15,32,1,4,4,1": {"time": 8.520686999999999}, "15,15,32,2,1,1,0": {"time": 3.6444319999999997}, "15,15,32,2,1,1,1": {"time": 3.6461919999999997}, "15,15,32,2,1,2,0": {"time": 2.2561299999999997}, "15,15,32,2,1,2,1": {"time": 2.2543699999999998}, "15,15,32,2,1,4,0": {"time": 2.28301}, "15,15,32,2,1,4,1": {"time": 2.2814099999999997}, "15,15,32,2,2,1,0": {"time": 3.8429889999999998}, "15,15,32,2,2,1,1": {"time": 3.8442689999999997}, "15,15,32,2,2,2,0": {"time": 2.5945259999999997}, "15,15,32,2,2,2,1": {"time": 2.593406}, "15,15,32,2,2,4,0": {"time": 2.876282}, "15,15,32,2,2,4,1": {"time": 2.881402}, "15,15,32,2,4,1,0": {"time": 4.059626}, "15,15,32,2,4,1,1": {"time": 4.075146}, "15,15,32,2,4,2,0": {"time": 3.77947}, "15,15,32,2,4,2,1": {"time": 3.77915}, "15,15,32,2,4,4,0": {"time": 14.684286}, "15,15,32,2,4,4,1": {"time": 14.654686}, "15,15,32,4,1,1,0": {"time": 2.8303629999999997}, "15,15,32,4,1,1,1": {"time": 2.8308429999999998}, "15,15,32,4,1,2,0": {"time": 3.198358}, "15,15,32,4,1,2,1": {"time": 3.196278}, "15,15,32,4,1,4,0": {"time": 3.518674}, "15,15,32,4,1,4,1": {"time": 3.527314}, "15,15,32,4,2,1,0": {"time": 2.31357}, "15,15,32,4,2,1,1": {"time": 2.31453}, "15,15,32,4,2,2,0": {"time": 3.76347}, "15,15,32,4,2,2,1": {"time": 3.76827}, "15,15,32,4,2,4,0": {"time": 17.650166}, "15,15,32,4,2,4,1": {"time": 17.645046999999998}, "15,15,32,4,4,1,0": {"time": 2.3170889999999997}, "15,15,32,4,4,1,1": {"time": 2.319969}, "15,15,32,4,4,2,0": {"time": 5.232411}, "15,15,32,4,4,2,1": {"time": 5.216730999999999}, "15,15,32,4,4,4,0": {"time": 4.201384}, "15,15,32,4,4,4,1": {"time": 4.205544}, "15,15,32,8,1,1,0": {"time": 2.6466849999999997}, "15,15,32,8,1,1,1": {"time": 2.647645}, "15,15,32,8,1,2,0": {"time": 4.646819}, "15,15,32,8,1,2,1": {"time": 4.654338}, "15,15,32,8,1,4,0": {"time": 12.198079}, "15,15,32,8,1,4,1": {"time": 12.218717999999999}, "15,15,32,8,2,1,0": {"time": 1.635819}, "15,15,32,8,2,1,1": {"time": 1.6356579999999998}, "15,15,32,8,2,2,0": {"time": 3.5209129999999997}, "15,15,32,8,2,2,1": {"time": 3.520593}, "15,15,32,8,2,4,0": {"time": 24.236959}, "15,15,32,8,2,4,1": {"time": 24.22048}, "15,15,32,8,4,1,0": {"time": 1.49102}, "15,15,32,8,4,1,1": {"time": 1.4907}, "15,15,32,8,4,2,0": {"time": 13.766378}, "15,15,32,8,4,2,1": {"time": 13.771498}, "15,15,32,8,4,4,0": {"time": 2.850522}, "15,15,32,8,4,4,1": {"time": 2.854682}, "15,15,48,1,1,1,0": {"time": 7.459421}, "15,15,48,1,1,1,1": {"time": 9.250917}, "15,15,48,1,1,2,0": {"time": 116.25830099999999}, "15,15,48,1,1,2,1": {"time": 115.365673}, "15,15,48,1,1,4,0": {"time": 106.42691099999999}, "15,15,48,1,1,4,1": {"time": 104.30949899999999}, "15,15,48,1,2,1,0": {"time": 82.626426}, "15,15,48,1,2,1,1": {"time": 82.590907}, "15,15,48,1,2,2,0": {"time": 124.031798}, "15,15,48,1,2,2,1": {"time": 123.92012}, "15,15,48,1,2,4,0": {"time": 116.081024}, "15,15,48,1,2,4,1": {"time": 116.06550399999999}, "15,15,48,1,4,1,0": {"time": 109.62079},