{"device_name": "gfx906+sram-ecc", "kernel_name": "convolution_kernel", "tune_params_keys": ["filter_width", "filter_height", "block_size_x", "block_size_y", "tile_size_x", "tile_size_y", "use_padding"], "tune_params": {"filter_width": [15], "filter_height": [15], "block_size_x": [16, 32, 48, 64, 80, 96, 112, 128], "block_size_y": [1, 2, 4, 8, 16, 32], "tile_size_x": [1, 2, 4], "tile_size_y": [1, 2, 4], "use_padding": [0, 1]}, "cache": {"15,15,16,1,1,1,0": {"time": 12.700312}, "15,15,16,1,1,1,1": {"time": 15.918351999999999}, "15,15,16,1,1,2,0": {"time": 7.841657}, "15,15,16,1,1,2,1": {"time": 8.657805999999999}, "15,15,16,1,1,4,0": {"time": 8.937161999999999}, "15,15,16,1,1,4,1": {"time": 9.002442}, "15,15,16,1,2,1,0": {"time": 11.516169}, "15,15,16,1,2,1,1": {"time": 11.528328}, "15,15,16,1,2,2,0": {"time": 7.158786}, "15,15,16,1,2,2,1": {"time": 7.163586}, "15,15,16,1,2,4,0": {"time": 12.585593999999999}, "15,15,16,1,2,4,1": {"time": 12.426236}, "15,15,16,1,4,1,0": {"time": 12.564955}, "15,15,16,1,4,1,1": {"time": 12.649913999999999}, "15,15,16,1,4,2,0": {"time": 9.470754999999999}, "15,15,16,1,4,2,1": {"time": 9.475394999999999}, "15,15,16,1,4,4,0": {"time": 15.016762}, "15,15,16,1,4,4,1": {"time": 16.051308}, "15,15,16,2,1,1,0": {"time": 5.753524}, "15,15,16,2,1,1,1": {"time": 6.920229}, "15,15,16,2,1,2,0": {"time": 4.2817039999999995}, "15,15,16,2,1,2,1": {"time": 4.297224}, "15,15,16,2,1,4,0": {"time": 4.440742}, "15,15,16,2,1,4,1": {"time": 4.334982999999999}, "15,15,16,2,2,1,0": {"time": 4.957375}, "15,15,16,2,2,1,1": {"time": 4.870336}, "15,15,16,2,2,2,0": {"time": 4.5641}, "15,15,16,2,2,2,1": {"time": 4.517061}, "15,15,16,2,2,4,0": {"time": 5.34905}, "15,15,16,2,2,4,1": {"time": 5.3655289999999995}, "15,15,16,2,4,1,0": {"time": 5.053533}, "15,15,16,2,4,1,1": {"time": 5.0157739999999995}, "15,15,16,2,4,2,0": {"time": 6.436395}, "15,15,16,2,4,2,1": {"time": 6.416074999999999}, "15,15,16,2,4,4,0": {"time": 21.955391}, "15,15,16,2,4,4,1": {"time": 21.875072}, "15,15,16,4,1,1,0": {"time": 3.194998}, "15,15,16,4,1,1,1": {"time": 3.756591}, "15,15,16,4,1,2,0": {"time": 2.4860469999999997}, "15,15,16,4,1,2,1": {"time": 3.243957}, "15,15,16,4,1,4,0": {"time": 3.5807529999999996}, "15,15,16,4,1,4,1": {"time": 3.7093909999999997}, "15,15,16,4,2,1,0": {"time": 2.867162}, "15,15,16,4,2,1,1": {"time": 2.671645}, "15,15,16,4,2,2,0": {"time": 3.81003}, "15,15,16,4,2,2,1": {"time": 3.7356309999999997}, "15,15,16,4,2,4,0": {"time": 16.965695999999998}, "15,15,16,4,2,4,1": {"time": 17.213213}, "15,15,16,4,4,1,0": {"time": 2.732604}, "15,15,16,4,4,1,1": {"time": 2.673405}, "15,15,16,4,4,2,0": {"time": 5.405049}, "15,15,16,4,4,2,1": {"time": 5.2133709999999995}, "15,15,16,4,4,4,0": {"time": 4.271624}, "15,15,16,4,4,4,1": {"time": 4.189545}, "15,15,16,8,1,1,0": {"time": 2.735484}, "15,15,16,8,1,1,1": {"time": 2.8446029999999998}, "15,15,16,8,1,2,0": {"time": 6.444395}, "15,15,16,8,1,2,1": {"time": 4.886496}, "15,15,16,8,1,4,0": {"time": 12.946549}, "15,15,16,8,1,4,1": {"time": 12.671513}, "15,15,16,8,2,1,0": {"time": 2.401408}, "15,15,16,8,2,1,1": {"time": 1.845416}, "15,15,16,8,2,2,0": {"time": 3.829389}, "15,15,16,8,2,2,1": {"time": 3.664272}, "15,15,16,8,2,4,0": {"time": 24.936151}, "15,15,16,8,2,4,1": {"time": 24.720474}, "15,15,16,8,4,1,0": {"time": 2.386209}, "15,15,16,8,4,1,1": {"time": 1.6337389999999998}, "15,15,16,8,4,2,0": {"time": 13.901736}, "15,15,16,8,4,2,1": {"time": 13.991814999999999}, "15,15,16,8,4,4,0": {"time": 3.06044}, "15,15,16,8,4,4,1": {"time": 2.862202}, "15,15,16,16,1,1,0": {"time": 2.6346849999999997}, "15,15,16,16,1,1,1": {"time": 2.6116449999999998}, "15,15,16,16,1,2,0": {"time": 2.390049}, "15,15,16,16,1,2,1": {"time": 1.823016}, "15,15,16,16,1,4,0": {"time": 2.379969}, "15,15,16,16,1,4,1": {"time": 1.6946979999999998}, "15,15,16,16,2,1,0": {"time": 2.382049}, "15,15,16,16,2,1,1": {"time": 1.6015789999999999}, "15,15,16,16,2,2,0": {"time": 2.374689}, "15,15,16,16,2,2,1": {"time": 1.429261}, "15,15,16,16,2,4,0": {"time": 2.369729}, "15,15,16,16,2,4,1": {"time": 1.53998}, "15,15,16,16,4,1,0": {"time": 2.375969}, "15,15,16,16,4,1,1": {"time": 1.4729409999999998}, "15,15,16,16,4,2,0": {"time": 2.369729}, "15,15,16,16,4,2,1": {"time": 1.565259}, "15,15,16,16,4,4,0": {"time": 3.0322799999999996}, "15,15,16,16,4,4,1": {"time": 2.760283}, "15,15,32,1,1,1,0": {"time": 8.387248999999999}, "15,15,32,1,1,1,1": {"time": 8.414449}, "15,15,32,1,1,2,0": {"time": 4.5932189999999995}, "15,15,32,1,1,2,1": {"time": 4.592899}, "15,15,32,1,1,4,0": {"time": 4.716098}, "15,15,32,1,1,4,1": {"time": 4.714498}, "15,15,32,1,2,1,0": {"time": 9.176999}, "15,15,32,1,2,1,1": {"time": 9.173159}, "15,15,32,1,2,2,0": {"time": 4.8378559999999995}, "15,15,32,1,2,2,1": {"time": 4.833696}, "15,15,32,1,2,4,0": {"time": 6.83575}, "15,15,32,1,2,4,1": {"time": 6.84295}, "15,15,32,1,4,1,0": {"time": 10.166266}, "15,15,32,1,4,1,1": {"time": 10.161786}, "15,15,32,1,4,2,0": {"time": 6.01912}, "15,15,32,1,4,2,1": {"time": 6.01816}, "15,15,32,1,4,4,0": {"time": 8.490447999999999}, "15,15,32,1,4,4,1": {"time": 8.487568}, "15,15,32,2,1,1,0": {"time": 3.645232}, "15,15,32,2,1,1,1": {"time": 3.643792}, "15,15,32,2,1,2,0": {"time": 2.2538899999999997}, "15,15,32,2,1,2,1": {"time": 2.25661}, "15,15,32,2,1,4,0": {"time": 2.2814099999999997}, "15,15,32,2,1,4,1": {"time": 2.28269}, "15,15,32,2,2,1,0": {"time": 3.8433089999999996}, "15,15,32,2,2,1,1": {"time": 3.844589}, "15,15,32,2,2,2,0": {"time": 2.593886}, "15,15,32,2,2,2,1": {"time": 2.5932459999999997}, "15,15,32,2,2,4,0": {"time": 2.879002}, "15,15,32,2,2,4,1": {"time": 2.884442}, "15,15,32,2,4,1,0": {"time": 4.0602659999999995}, "15,15,32,2,4,1,1": {"time": 4.076426}, "15,15,32,2,4,2,0": {"time": 3.7815499999999997}, "15,15,32,2,4,2,1": {"time": 3.7793099999999997}, "15,15,32,2,4,4,0": {"time": 14.669246}, "15,15,32,2,4,4,1": {"time": 14.686205999999999}, "15,15,32,4,1,1,0": {"time": 2.830683}, "15,15,32,4,1,1,1": {"time": 2.830523}, "15,15,32,4,1,2,0": {"time": 3.200598}, "15,15,32,4,1,2,1": {"time": 3.1986779999999997}, "15,15,32,4,1,4,0": {"time": 3.520434}, "15,15,32,4,1,4,1": {"time": 3.521873}, "15,15,32,4,2,1,0": {"time": 2.3134099999999997}, "15,15,32,4,2,1,1": {"time": 2.315169}, "15,15,32,4,2,2,0": {"time": 3.756591}, "15,15,32,4,2,2,1": {"time": 3.7673099999999997}, "15,15,32,4,2,4,0": {"time": 17.639767}, "15,15,32,4,2,4,1": {"time": 17.653046}, "15,15,32,4,4,1,0": {"time": 2.3188489999999997}, "15,15,32,4,4,1,1": {"time": 2.3170889999999997}, "15,15,32,4,4,2,0": {"time": 5.242011}, "15,15,32,4,4,2,1": {"time": 5.234171}, "15,15,32,4,4,4,0": {"time": 4.202345}, "15,15,32,4,4,4,1": {"time": 4.205064}, "15,15,32,8,1,1,0": {"time": 2.647485}, "15,15,32,8,1,1,1": {"time": 2.645245}, "15,15,32,8,1,2,0": {"time": 4.649058999999999}, "15,15,32,8,1,2,1": {"time": 4.647139}, "15,15,32,8,1,4,0": {"time": 12.213118}, "15,15,32,8,1,4,1": {"time": 12.202558999999999}, "15,15,32,8,2,1,0": {"time": 1.643178}, "15,15,32,8,2,1,1": {"time": 1.658218}, "15,15,32,8,2,2,0": {"time": 3.522833}, "15,15,32,8,2,2,1": {"time": 3.5194729999999996}, "15,15,32,8,2,4,0": {"time": 24.155839999999998}, "15,15,32,8,2,4,1": {"time": 24.238239}, "15,15,32,8,4,1,0": {"time": 1.53118}, "15,15,32,8,4,1,1": {"time": 1.5270199999999998}, "15,15,32,8,4,2,0": {"time": 13.755657999999999}, "15,15,32,8,4,2,1": {"time": 13.767498}, "15,15,32,8,4,4,0": {"time": 2.851482}, "15,15,32,8,4,4,1": {"time": 2.8558019999999997}, "15,15,48,1,1,1,0": {"time": 7.457661}, "15,15,48,1,1,1,1": {"time": 9.252677}, "15,15,48,1,1,2,0": {"time": 116.262141}, "15,15,48,1,1,2,1": {"time": 115.397032}, "15,15,48,1,1,4,0": {"time": 106.35251199999999}, "15,15,48,1,1,4,1": {"time": 104.325019}, "15,15,48,1,2,1,0": {"time": 82.669146}, "15,15,48,1,2,1,1": {"time": 82.616826}, "15,15,48,1,2,2,0": {"time": 123.96252}, "15,15,48,1,2,2,1": {"time": 123.85884}, "15,15,48,1,2,4,0": {"time": 116.02758399999999}, "15,15,48,1,2,4,1": {"time": 116.044225},