pnpoly_GTX_Titan_X_processed,,,,,,,,
Algorithm,Mean fraction of optimum,StDev fraction of optimum,Success rate,Mean function evaluations,StDev function evaluations,Settings,,
iRace,0.906290932150727,0.086734850060327,0,182.65,7.79524146346245,firstTest=2, nbConfigurations=0,200
iRace,0.939200837776392,0.085986682144298,0.25,381.95,9.14488640544108,firstTest=2, nbConfigurations=0,400
iRace,0.948008611955482,0.05841227170759,0.05,775.45,11.514178902096,firstTest=2, nbConfigurations=0,800
iRace,0.990565692011302,0.022029545270806,0.6,1569.9,12.4346713921832,firstTest=2, nbConfigurations=0,1600
iRace,0.998230825612107,0.004344266152205,0.85,3158,21.0688095734454,firstTest=2, nbConfigurations=0,3200
iRace,1,0,1,6361.9,14.3596657342711,firstTest=2, nbConfigurations=0,6400
