pnpoly_TITAN_RTX_processed,,,,,,,,
Algorithm,Mean fraction of optimum,StDev fraction of optimum,Success rate,Mean function evaluations,StDev function evaluations,Settings,,
iRace,0.99702595137909,0.003753046755781,0,184.05,7.45142162345725,firstTest=2, nbConfigurations=0,200
iRace,0.998928888568753,0.000719369572993,0.1,382.75,7.89986675437264,firstTest=2, nbConfigurations=0,400
iRace,0.999664231063517,0.000527983273312,0.55,779.15,8.80355789320133,firstTest=2, nbConfigurations=0,800
iRace,0.999624895661364,0.000482181584145,0.5,1571.45,5.11422165709453,firstTest=2, nbConfigurations=0,1600
iRace,0.999570954093321,0.000505702359892,0.45,3166.2,4.53756252675492,firstTest=2, nbConfigurations=0,3200
iRace,0.999788148724502,0.000408492871552,0.2,6374.22222222222,12.7355582698382,firstTest=2, nbConfigurations=0,6400
