pnpoly_A100_processed,,,,,,,,
Algorithm,Mean fraction of optimum,StDev fraction of optimum,Success rate,Mean function evaluations,StDev function evaluations,Settings,,
iRace,0.988349039671072,0.008940381631955,0.05,183.5,8.88227092820891,firstTest=2, nbConfigurations=0,200
iRace,0.996748277213373,0.003041298168943,0.05,383.55,8.33808636382032,firstTest=2, nbConfigurations=0,400
iRace,0.997324717287021,0.002083394010958,0.05,781.2,6.70113894482831,firstTest=2, nbConfigurations=0,800
iRace,0.998125577167465,0.001902078737631,0.2,1569.45,11.8298240410458,firstTest=2, nbConfigurations=0,1600
iRace,0.99874688259534,0.001455662195348,0.3,3164.45,4.5592589425545,firstTest=2, nbConfigurations=0,3200
iRace,0.994313066789533,0.017947642555944,0.3,6365.9,2.35975020979585,firstTest=2, nbConfigurations=0,6400
