GEMM_V100_processed,,,,,,,,
Algorithm,Mean fraction of optimum,StDev fraction of optimum,Success rate,Mean function evaluations,StDev function evaluations,Settings,,
iRace,0.925046796159887,0.036287977327303,0.05,375.526315789474,11.82919374097,firstTest=2, nbConfigurations=0,400
iRace,0.961365913907789,0.020361946618765,0,778.6,6.08189721092116,firstTest=2, nbConfigurations=0,800
iRace,0.989284761566882,0.013912868115281,0.5,1562.95,13.3158986889634,firstTest=2, nbConfigurations=0,1600
iRace,0.995179480999466,0.009468169287961,0.7,3162.73684210526,7.87289375899046,firstTest=2, nbConfigurations=0,3200
iRace,0.997620649582896,0.010371348019426,0.9,6363.31578947368,0.671038298207203,firstTest=2, nbConfigurations=0,6400
