GEMM_K20_processed,,,,,,,,
Algorithm,Mean fraction of optimum,StDev fraction of optimum,Success rate,Mean function evaluations,StDev function evaluations,Settings,,
iRace,0.927781796840989,0.04196773309093,0,380.684210526316,8.06950798155176,firstTest=2, nbConfigurations=0,400
iRace,0.958930502140583,0.030745423322583,0.15,777.25,6.18040196274099,firstTest=2, nbConfigurations=0,800
iRace,0.971412714174282,0.028791274339464,0.15,1566.5,4.00657354593016,firstTest=2, nbConfigurations=0,1600
iRace,0.989955276082028,0.017534433333282,0.25,3159.05,14.5293713414913,firstTest=2, nbConfigurations=0,3200
iRace,0.997498151093798,0.00924919063434,0.45,6363.68421052632,0.820069887194403,firstTest=2, nbConfigurations=0,6400
