GEMM_MI50_processed,,,,,,,,
Algorithm,Mean fraction of optimum,StDev fraction of optimum,Success rate,Mean function evaluations,StDev function evaluations,Settings,,
iRace,0.90925596211587,0.079200137781917,0,377.95,14.5872150222468,firstTest=2, nbConfigurations=0,400
iRace,0.97158748860193,0.050892305445398,0.3,773.35,8.30519811861666,firstTest=2, nbConfigurations=0,800
iRace,0.990705071433614,0.008401967762863,0.4,1564.35,17.400166363391,firstTest=2, nbConfigurations=0,1600
iRace,0.998803687395608,0.003782851177561,0.9,3164.35,2.45539148984863,firstTest=2, nbConfigurations=0,3200
iRace,1,0,1,6363.3,0.571240570577479,firstTest=2, nbConfigurations=0,6400
