convolution_V100_processed,,,,,,,,
Algorithm,Mean fraction of optimum,StDev fraction of optimum,Success rate,Mean function evaluations,StDev function evaluations,Settings,,
iRace,0.914038933133552,0.051777940066947,0.05,182.5,9.10881925582532,firstTest=2, nbConfigurations=0,200
iRace,0.961555341576014,0.045289860612146,0.1,373.6,12.5631038739385,firstTest=2, nbConfigurations=0,400
iRace,0.987612686372861,0.016978864620742,0.2,772.8,14.8167756986891,firstTest=2, nbConfigurations=0,800
iRace,0.99173334682735,0.0123773549153,0.1,1569.5,14.9507964934807,firstTest=2, nbConfigurations=0,1600
iRace,0.994507549433952,0.009191774378503,0.35,3164.7,15.0021051154409,firstTest=2, nbConfigurations=0,3200
iRace,0.996776100516053,0.006780299834866,0.45,6366.36842105263,5.84247404136096,firstTest=2, nbConfigurations=0,6400
