convolution_TITAN_RTX_processed,,,,,,,,
Algorithm,Mean fraction of optimum,StDev fraction of optimum,Success rate,Mean function evaluations,StDev function evaluations,Settings,,
iRace,0.814601678197801,0.084090662959818,0,184,8.53475865289452,firstTest=2, nbConfigurations=0,200
iRace,0.880757794495001,0.084356416617156,0,380.65,7.76140925890463,firstTest=2, nbConfigurations=0,400
iRace,0.919162105916462,0.073002661035951,0.1,770.8,13.4266035992177,firstTest=2, nbConfigurations=0,800
iRace,0.970890232893566,0.05244924705265,0.35,1569.85,10.9220925313402,firstTest=2, nbConfigurations=0,1600
iRace,0.992990193998458,0.019881160556516,0.45,3165,12.9492938234606,firstTest=2, nbConfigurations=0,3200
iRace,1,0,0.1,6364.5,0.707106781186548,firstTest=2, nbConfigurations=0,6400
