convolution_K20_processed,,,,,,,,
Algorithm,Mean fraction of optimum,StDev fraction of optimum,Success rate,Mean function evaluations,StDev function evaluations,Settings,,
iRace,0.792002903754995,0.119088372207535,0,180.736842105263,6.69860769333746,firstTest=2, nbConfigurations=0,200
iRace,0.892628275363288,0.062567788487633,0.05,378.85,8.65280605535447,firstTest=2, nbConfigurations=0,400
iRace,0.920685049082297,0.05638654043072,0,770.85,11.517835140155,firstTest=2, nbConfigurations=0,800
iRace,0.949458592944181,0.041620205216994,0,1567.35,11.8378296374933,firstTest=2, nbConfigurations=0,1600
iRace,0.974235808186321,0.011424541572616,0.1,3160.25,12.830371041113,firstTest=2, nbConfigurations=0,3200
iRace,0.974958781432487,0.005749779509847,0,6364.27777777778,0.669113158068688,firstTest=2, nbConfigurations=0,6400
