MI50_convolution_15x15_processed,,,,,,,,
Algorithm,Mean fraction of optimum,StDev fraction of optimum,Success rate,Mean function evaluations,StDev function evaluations,Settings,,
iRace,0.809632307973791,0.182855456014874,0.15,177.8,6.3295464209323,firstTest=2, nbConfigurations=0,200
iRace,0.855023231090364,0.158378195754064,0.3,379.25,1.65035881266054,firstTest=2, nbConfigurations=0,400
iRace,0.922374646043269,0.148248665812014,0.55,778.4375,3.98277541420553,firstTest=2, nbConfigurations=0,800
iRace,1,0,0.15,1579,0,firstTest=2, nbConfigurations=0,1600
iRace,0.977442304095952,0.059682053512733,0.3,3177.71428571429,5.18698003705064,firstTest=2, nbConfigurations=0,3200
iRace,1,0,0.1,6376,8.48528137423857,firstTest=2, nbConfigurations=0,6400
