convolution_A100_processed,,,,,,,,
Algorithm,Mean fraction of optimum,StDev fraction of optimum,Success rate,Mean function evaluations,StDev function evaluations,Settings,,
iRace,0.848185000257058,0.025780760711894,0,184.1,10.5076413298033,firstTest=2, nbConfigurations=0,200
iRace,0.875473428740151,0.027435709195317,0,375.3,13.6694049460446,firstTest=2, nbConfigurations=0,400
iRace,0.878536001688021,0.015289243749924,0,777.1,14.5381530717228,firstTest=2, nbConfigurations=0,800
iRace,0.88279141441635,0.01092619482133,0,1569.7,10.8971266130596,firstTest=2, nbConfigurations=0,1600
iRace,0.908459893097936,0.047702276352239,0.2,3158.5,15.4528144259941,firstTest=2, nbConfigurations=0,3200
iRace,0.922351096030329,0.053675253001826,0.25,6354.61111111111,26.2323080747407,firstTest=2, nbConfigurations=0,6400
